{"timestamps": [1482736173.174791, 1482736180.799772, 1482736182.31848, 1482736184.840194, 1482736186.615303, 1482736187.952037, 1482736189.089744, 1482736190.410401, 1482736200.139703, 1482736201.639485, 1482736202.80215, 1482736204.036673, 1482736205.308142, 1482736206.889371, 1482736208.242601, 1482736209.587457, 1482736210.759498, 1482736211.871429, 1482736213.135297, 1482736214.357557, 1482736217.073361, 1482736222.59078, 1482736229.480164, 1482736230.770026, 1482736232.157447, 1482736233.621494, 1482736235.406913, 1482736244.353114, 1482736246.458756, 1482736248.034779, 1482736249.70796, 1482736251.014579, 1482736252.582989, 1482736254.247557, 1482736256.015513, 1482736257.538635, 1482736258.93405, 1482736260.410112, 1482736261.735666, 1482736263.194341, 1482736264.494429, 1482736265.706406, 1482736266.945291, 1482736268.410377, 1482736269.766546, 1482736271.16802, 1482736272.775984, 1482736274.319903, 1482736275.577229, 1482736276.848159, 1482736278.117138, 1482736279.453336, 1482736280.62978, 1482736281.936911, 1482736283.227692, 1482736284.464922, 1482736285.958674, 1482736287.268925, 1482736288.475728, 1482736289.801512, 1482736291.26542, 1482736292.553876, 1482736293.808859, 1482736295.121178, 1482736302.429921, 1482736304.180211, 1482736305.319656, 1482736306.529493, 1482736307.880161, 1482736309.163399, 1482736310.215203, 1482736311.589521, 1482736313.098377, 1482736314.263066, 1482736315.461104, 1482736316.826243, 1482736318.316845, 1482736319.5145, 1482736320.681995, 1482736321.838121, 1482736323.036879, 1482736324.342634, 1482736325.500014, 1482736326.621163, 1482736327.727348, 1482736328.888409, 1482736330.153504, 1482736331.250713, 1482736332.38771, 1482736333.535726, 1482736334.679314, 1482736336.007048, 1482736337.127921, 1482736338.223772, 1482736339.313841, 1482736340.562847, 1482736341.744517, 1482736342.878565, 1482736344.046397, 1482736345.145956], "initial_reset_timestamp": 1482736166.099843, "episode_types": ["t", "t", "t", "t", "t", "t", "t", "t", "t", "t", "t", "t", "t", "t", "t", "t", "t", "t", "t", "t", "t", "t", "t", "t", "t", "t", "t", "t", "t", "t", "t", "t", "t", "t", "t", "t", "t", "t", "t", "t", "t", "t", "t", "t", "t", "t", "t", "t", "t", "t", "t", "t", "t", "t", "t", "t", "t", "t", "t", "t", "t", "t", "t", "t", "t", "t", "t", "t", "t", "t", "t", "t", "t", "t", "t", "t", "t", "t", "t", "t", "t", "t", "t", "t", "t", "t", "t", "t", "t", "t", "t", "t", "t", "t", "t", "t", "t", "t", "t", "t"], "episode_lengths": [200, 200, 200, 200, 200, 200, 200, 200, 200, 200, 200, 200, 200, 200, 200, 200, 200, 200, 200, 200, 200, 200, 177, 200, 200, 200, 200, 200, 200, 200, 200, 200, 200, 200, 200, 197, 200, 200, 200, 200, 200, 199, 200, 200, 200, 200, 200, 200, 200, 200, 200, 200, 200, 200, 200, 200, 200, 200, 200, 200, 200, 200, 200, 200, 200, 200, 200, 200, 200, 200, 168, 200, 200, 200, 200, 200, 200, 200, 200, 200, 200, 200, 200, 200, 200, 200, 200, 200, 200, 200, 200, 200, 200, 200, 200, 200, 200, 200, 200, 200], "episode_rewards": [200.0, 200.0, 200.0, 200.0, 200.0, 200.0, 200.0, 200.0, 200.0, 200.0, 200.0, 200.0, 200.0, 200.0, 200.0, 200.0, 200.0, 200.0, 200.0, 200.0, 200.0, 200.0, 177.0, 200.0, 200.0, 200.0, 200.0, 200.0, 200.0, 200.0, 200.0, 200.0, 200.0, 200.0, 200.0, 197.0, 200.0, 200.0, 200.0, 200.0, 200.0, 199.0, 200.0, 200.0, 200.0, 200.0, 200.0, 200.0, 200.0, 200.0, 200.0, 200.0, 200.0, 200.0, 200.0, 200.0, 200.0, 200.0, 200.0, 200.0, 200.0, 200.0, 200.0, 200.0, 200.0, 200.0, 200.0, 200.0, 200.0, 200.0, 168.0, 200.0, 200.0, 200.0, 200.0, 200.0, 200.0, 200.0, 200.0, 200.0, 200.0, 200.0, 200.0, 200.0, 200.0, 200.0, 200.0, 200.0, 200.0, 200.0, 200.0, 200.0, 200.0, 200.0, 200.0, 200.0, 200.0, 200.0, 200.0, 200.0]}