{"timestamps": [1483603592.664792, 1483603607.247844, 1483603618.297503], "initial_reset_timestamp": 1483603579.888017, "episode_types": ["t", "t", "t", "t"], "episode_lengths": [200, 200, 200], "episode_rewards": [-1127.0178773004059, -1882.8243892398173, -1157.1681086650817]}